Property ID,Price,Bedrooms,Bathrooms,Living Area (sq ft),Qualitative Description
1,$800k,5,2,2668,"A hidden gem nestled among towering oak trees, this home exudes warmth and character. Sunlight floods the open living spaces, while the cozy reading nook offers the perfect escape with a cup of coffee. The backyard boasts a custom-built fire pit and a garden brimming with seasonal blooms, creating a private oasis."
2,$400k,4,1,1982,"Step inside this elegant retreat and be greeted by soaring ceilings and intricate crown moldings. The gourmet kitchen features a marble island, designer lighting, and a wine fridge, perfect for entertaining. Outside, a covered patio overlooks a serene koi pond, adding to the home's tranquil ambiance."
3,$250k,4,1,1674,"Modern yet inviting, this residence features an airy loft-style layout with exposed beams and a statement fireplace. The spa-like bathroom boasts a rainfall shower and heated floors, while the private deck provides panoramic city viewsâ€”ideal for morning yoga or evening cocktails."
4,$600k,2,4,3817,"A charming cottage-style home with a wraparound porch, this property feels like a storybook retreat. The antique-inspired kitchen features butcher block counters and vintage cabinetry, while the cozy sunroom is perfect for relaxing afternoons with a book."
5,$250k,4,3,2943,"Tucked away in a vibrant neighborhood, this home balances historic charm with modern updates. Original hardwood floors and stained-glass windows meet a newly remodeled chefâ€™s kitchen and smart-home automation. The lush backyard, complete with a hammock and string lights, is an entertainerâ€™s dream."
6,$300k,1,1,2985,"Designed for those who love to host, this home boasts a grand dining room, an outdoor kitchen, and a custom wine cellar. The oversized windows flood the space with natural light, while the high-end finishes throughout add a touch of sophistication."
7,$800k,5,4,1647,"Surrounded by rolling hills, this secluded escape offers breathtaking sunset views from its expansive deck. The rustic stone fireplace anchors the living space, while the chefâ€™s kitchenâ€”complete with a farmhouse sink and oversized pantryâ€”caters to culinary enthusiasts."
8,$600k,4,2,1874,"With a private pool and spa, this contemporary home is designed for relaxation. The open-concept layout seamlessly connects the sleek kitchen, stylish lounge, and sun-soaked patio. Glass walls open to the lush backyard, blurring the lines between indoor and outdoor living."
9,$400k,4,3,3647,"This lakefront retreat is all about the views. Floor-to-ceiling windows frame the sparkling water, and the expansive balcony is perfect for dining al fresco. A private dock allows for easy access to morning kayak sessions or peaceful fishing afternoons."
10,$600k,5,2,1039,"A dream for creatives, this home features a dedicated art studio with skylights that bathe the space in natural light. The library, complete with rolling ladders, adds to the homeâ€™s unique charm, while the cozy courtyard invites intimate gatherings under the stars."
11,$800k,1,4,2962,"Bold and modern, this architect-designed home is a masterpiece of clean lines and natural materials. The floating staircase and glass-walled atrium make a striking statement, while the rooftop terrace offers breathtaking cityscape views."
12,$700k,5,1,3104,"Live like youâ€™re on vacation every day in this resort-inspired property. A swim-up bar, infinity pool, and lush tropical landscaping set the scene, while the state-of-the-art home theater ensures endless entertainment."
13,$250k,5,3,1872,"A perfect blend of classic and contemporary, this residence features hand-crafted woodwork, a spacious butlerâ€™s pantry, and a luxurious master suite with a soaking tub overlooking the garden. The ivy-covered pergola in the backyard adds to the homeâ€™s timeless appeal."
14,$500k,3,1,1198,"This sun-drenched penthouse boasts a wraparound terrace with unparalleled skyline views. The open kitchen features a custom espresso bar, while the spa-inspired bathroom includes a freestanding tub and rainfall shower for ultimate relaxation."
15,$800k,4,3,1516,"Nature lovers will adore this homeâ€™s proximity to hiking trails and nature preserves. The expansive backyard includes a greenhouse and raised garden beds, perfect for growing your own herbs and vegetables. Inside, the floor-to-ceiling windows bring the beauty of the outdoors in."
16,$600k,4,1,3612,"A showstopper in every sense, this estate features a grand foyer with a double staircase, a chandelier-adorned ballroom, and a private movie theater. The landscaped grounds include a koi pond, a rose garden, and a charming gazebo for afternoon tea."
17,$250k,4,3,3801,"For those who appreciate vintage charm, this home is a rare find. Original wainscoting, clawfoot tubs, and stained-glass accents transport you to another era, while the updated kitchen blends seamlessly with the homeâ€™s historic character."
18,$300k,2,1,3791,"A waterfront paradise, this home is built for the boating enthusiast. A private dock and boat lift make it easy to hit the water, while the breezy, open-concept interior takes full advantage of the spectacular bay views."
19,$300k,2,1,2922,"Stylish and sophisticated, this downtown loft features exposed brick walls, industrial-style lighting, and a chefâ€™s kitchen with a sleek waterfall island. The rooftop terrace, complete with a fire pit, is the perfect spot for evening gatherings."
20,$500k,3,3,1884,"Adventure awaits at this ski-in/ski-out mountain home, featuring a private sauna and a rustic stone fireplace. The wraparound deck offers panoramic views of snow-covered peaks, and the heated garage keeps your gear ready for the next adventure."
21,$800k,3,2,2664,"A golferâ€™s dream, this home backs onto a championship course and includes a personal golf simulator for year-round practice. The spacious master suite boasts floor-to-ceiling windows overlooking the greens."
22,$400k,5,1,2227,"A sanctuary in the city, this modern home features a Zen garden, a koi pond, and a meditation room. The sleek, minimalist design emphasizes clean lines, natural light, and serene outdoor spaces."
23,$300k,5,4,963,"A blend of industrial and farmhouse aesthetics, this converted warehouse home features exposed steel beams, reclaimed wood floors, and a double-height living area. The rooftop greenhouse adds a unique touch, perfect for urban gardening."
24,$700k,4,1,936,"Overlooking the vineyards, this estate is designed for wine lovers. A tasting room, a climate-controlled wine cellar, and a custom outdoor pizza oven make entertaining a dream. The infinity pool offers stunning sunset views over the rolling hills."
25,$800k,1,2,2822,"Smart, stylish, and sustainableâ€”this eco-friendly home is powered by solar panels and features a rainwater collection system. Reclaimed wood accents add warmth, while energy-efficient appliances keep utility costs low."
26,$300k,2,2,2550,"With its grand columns and sweeping staircase, this estate channels Southern charm at its finest. The wraparound porch is perfect for sipping sweet tea, while the library and billiards room add to the homeâ€™s stately ambiance."
27,$800k,1,1,3993,"A peaceful artistâ€™s retreat, this home features vaulted ceilings with exposed beams, a skylit studio, and a tranquil garden with a stone pathway leading to a meditation pond."
28,$800k,2,2,3420,"With a private helipad and a panoramic rooftop deck, this ultra-modern mansion is designed for luxury living. Automated smart-home technology controls everything from lighting to climate, and the custom infinity pool merges seamlessly with the horizon."
29,$700k,5,3,3982,"A home like no other, this treehouse-inspired sanctuary sits among the canopy, offering breathtaking forest views from every angle. The handcrafted wooden interiors and hanging bridge create a one-of-a-kind living experience."
30,$500k,4,3,3184,"A hidden gem nestled among towering oak trees, this home exudes warmth and character. Sunlight floods the open living spaces, while the cozy reading nook offers the perfect escape with a cup of coffee. The backyard boasts a custom-built fire pit and a garden brimming with seasonal blooms, creating a private oasis."