User ID,Budget,Bedrooms,Bathrooms,Qualitative Description
1,$500k,3,2,"""I’ve always dreamed of a modern apartment in the heart of the city, with floor-to-ceiling windows that offer a breathtaking view of the skyline. I want to be close to public transport, and having a gym and pool would be a huge bonus. Parking is a must since I have a car."""
2,$300k,2,1,"""I’m looking for a cozy little home where I can relax with my dog. A small garden or balcony would be perfect for us to enjoy the outdoors. It doesn’t need to be big, just warm and welcoming, with lots of natural light."""
3,$700k,4,3,"""My dream home is an eco-friendly sanctuary with solar panels and smart technology. I want a spacious kitchen with an island, a living room filled with natural light, and a backyard where I can grow my own vegetables."""
4,$250k,2,2,"""I need a stylish, open-concept home for my growing family. A walk-in closet is a must for my partner, and I’d love a spacious living area where we can all spend time together. A modern kitchen with high-end appliances would be amazing."""
5,$450k,3,2,"""I want a beachfront property where I can wake up to the sound of waves every morning. A private pool and a modern kitchen are non-negotiable. I’d love a patio where I can enjoy my morning coffee with an ocean view."""
6,$600k,4,3,"""I’m looking for a luxurious home where I can entertain my friends. A home theater and a wine cellar are must-haves. I’d also love a spacious backyard with a pool and an outdoor kitchen for hosting summer parties."""
7,$350k,2,1,"""I’d love a cozy cabin with a fireplace and a view of the mountains. It doesn’t need to be big, just warm and inviting, with lots of wood accents. A small garden where I can grow herbs would be perfect."""
8,$400k,3,2,"""I want a historic home with character, close to downtown. Hardwood floors, high ceilings, and large windows are a must. I’d love a backyard where I can host small gatherings with friends."""
9,$550k,3,2,"""Dreaming of a mountain home with easy access to skiing. A hot tub on the deck would be amazing for relaxing after a day on the slopes. I’d also love a cozy living room with a fireplace."""
10,$200k,2,1,"""Looking for a small home in a walkable area with a patio for outdoor dining. I’d love a cozy living room with lots of natural light and a kitchen with enough space for cooking and baking."""
11,$800k,5,4,"""I want a spacious home with an ocean view, a pool, and a home gym. A modern kitchen with high-end appliances and a large island is a must. I’d also love a backyard with a fire pit for evening gatherings."""
12,$300k,2,1,"""Looking for a sustainable home with solar panels and a small garden. I’d love a cozy living room with a fireplace and a kitchen with energy-efficient appliances. A walkable neighborhood would be ideal."""
13,$500k,4,3,"""I need a family-friendly home with a big backyard and a pool. A modern kitchen with an island and a spacious living room are must-haves. I’d also love a play area for the kids."""
14,$350k,3,2,"""I want a modern home with a desert landscape and a pool. A spacious kitchen with an island and a living room with large windows would be perfect. I’d also love a patio for outdoor dining."""
15,$450k,3,2,"""Looking for a home with a music room and a patio for outdoor entertaining. I’d love a cozy living room with a fireplace and a kitchen with enough space for cooking and hosting friends."""
16,$600k,4,3,"""I want a historic home in a walkable neighborhood with hardwood floors. High ceilings, large windows, and a backyard for hosting small gatherings are must-haves. I’d also love a modern kitchen with an island."""
17,$250k,2,1,"""Looking for a home near theme parks with a pool for the kids. A cozy living room and a kitchen with enough space for cooking are must-haves. I’d also love a small backyard for family barbecues."""
18,$700k,5,4,"""Dreaming of a tech-friendly home with smart features and a modern design. A spacious kitchen with high-end appliances, a home theater, and a backyard with a pool are must-haves. I’d also love a home office with plenty of natural light."""
19,$400k,3,2,"""I’d love a home with a lake view and a cozy fireplace. A spacious kitchen with an island and a living room with large windows would be perfect. I’d also love a backyard for hosting small gatherings."""
20,$500k,4,3,"""Looking for a home near a golf course with a pool and a spacious kitchen. A cozy living room with a fireplace and a backyard for outdoor entertaining are must-haves. I’d also love a home office with plenty of natural light."""
21,$300k,2,1,"""I want a waterfront property with a boat dock and a modern design. A cozy living room with large windows and a kitchen with enough space for cooking are must-haves. I’d also love a patio for outdoor dining."""
22,$450k,3,2,"""Looking for a walkable home with an open floor plan and a backyard. A modern kitchen with an island and a cozy living room with a fireplace would be perfect. I’d also love a home office with plenty of natural light."""
23,$550k,4,3,"""Dreaming of a home with mountain views and easy access to skiing. A cozy living room with a fireplace and a modern kitchen with high-end appliances are must-haves. I’d also love a backyard with a hot tub."""
24,$350k,2,1,"""I want a quiet home with a patio and a small garden. A cozy living room with lots of natural light and a kitchen with enough space for cooking are must-haves. I’d also love a backyard for outdoor dining."""
25,$600k,4,3,"""Looking for a luxurious home with a pool, outdoor kitchen, and a home gym. A modern kitchen with high-end appliances and a cozy living room with a fireplace are must-haves. I’d also love a backyard for hosting parties."""